{"cameraMode":{"drawMode":0,"name":"Shaded","section":"Shading Mode"},"sceneLighting":true,"audioPlay":false,"sceneViewState":{"showFog":true,"showMaterialUpdate":false,"showSkybox":true,"showFlares":true,"showImageEffects":true,"showParticleSystems":true},"in2DMode":false,"pivot":{"x":-0.2651791572570801,"y":2.1964609622955324,"z":1.2849112749099732},"rotation":{"x":0.0446462519466877,"y":0.8982719779014587,"z":0.09393152594566345,"w":-0.42695537209510805},"size":3.461557626724243,"orthographic":false}