{"cameraMode":{"drawMode":0,"name":"Shaded","section":"Shading Mode"},"sceneLighting":false,"audioPlay":false,"sceneViewState":{"showFog":true,"showMaterialUpdate":true,"showSkybox":true,"showFlares":true,"showImageEffects":true,"showParticleSystems":true},"in2DMode":false,"pivot":{"x":10.670762062072754,"y":-5.939338207244873,"z":16.333894729614259},"rotation":{"x":-0.1957455426454544,"y":-0.3232022821903229,"z":0.06852579861879349,"w":-0.9233677983283997},"size":11.238962173461914,"orthographic":false}